band_order,month_band,band_months,reason,lapsing_count,lapsed_count,reached_count
1,Month 1,1,cost,19,87,14832
1,Month 1,1,side_effects,36,110,14832
1,Month 1,1,not_seeing_results,40,143,14832
1,Month 1,1,forgot_or_ran_out,15,42,14832
1,Month 1,1,goal_met,9,15,14832
1,Month 1,1,no_response,48,69,14832
2,Month 2,1,cost,27,18,13568
2,Month 2,1,side_effects,32,30,13568
2,Month 2,1,not_seeing_results,51,25,13568
2,Month 2,1,forgot_or_ran_out,19,9,13568
2,Month 2,1,goal_met,7,0,13568
2,Month 2,1,no_response,46,24,13568
3,Month 3,1,cost,27,13,12627
3,Month 3,1,side_effects,29,29,12627
3,Month 3,1,not_seeing_results,45,17,12627
3,Month 3,1,forgot_or_ran_out,15,9,12627
3,Month 3,1,goal_met,6,1,12627
3,Month 3,1,no_response,61,6,12627
4,Months 4–6,3,cost,64,43,11657
4,Months 4–6,3,side_effects,15,13,11657
4,Months 4–6,3,not_seeing_results,22,21,11657
4,Months 4–6,3,forgot_or_ran_out,29,32,11657
4,Months 4–6,3,goal_met,12,11,11657
4,Months 4–6,3,no_response,62,22,11657
5,Months 7–12,6,cost,56,57,9962
5,Months 7–12,6,side_effects,19,21,9962
5,Months 7–12,6,not_seeing_results,22,32,9962
5,Months 7–12,6,forgot_or_ran_out,49,43,9962
5,Months 7–12,6,goal_met,29,19,9962
5,Months 7–12,6,no_response,87,30,9962
6,Months 13–24,12,cost,32,29,6552
6,Months 13–24,12,side_effects,20,7,6552
6,Months 13–24,12,not_seeing_results,24,16,6552
6,Months 13–24,12,forgot_or_ran_out,32,35,6552
6,Months 13–24,12,goal_met,19,9,6552
6,Months 13–24,12,no_response,36,32,6552
7,Months 25+,36,cost,67,59,4357
7,Months 25+,36,side_effects,25,26,4357
7,Months 25+,36,not_seeing_results,25,31,4357
7,Months 25+,36,forgot_or_ran_out,60,60,4357
7,Months 25+,36,goal_met,25,20,4357
7,Months 25+,36,no_response,88,43,4357
