treatment_status,coverage_tier,region,population,eligible_untreated,channel_reach,initiations_ltd
untreated,commercial,northeast,12882,12842,1733,190
untreated,commercial,southeast,11272,11237,1516,167
untreated,commercial,midwest,10198,10166,1372,151
untreated,commercial,west,11809,11772,1588,175
untreated,commercial,southwest,7515,7491,1011,111
untreated,medicare_medicaid,northeast,8588,8561,1155,127
untreated,medicare_medicaid,southeast,7515,7491,1011,111
untreated,medicare_medicaid,midwest,6799,6778,914,101
untreated,medicare_medicaid,west,7872,7847,1059,116
untreated,medicare_medicaid,southwest,5010,4994,674,74
untreated,cash_pay,northeast,5521,5504,743,82
untreated,cash_pay,southeast,4831,4816,650,71
untreated,cash_pay,midwest,4371,4357,588,65
untreated,cash_pay,west,5061,5045,681,75
untreated,cash_pay,southwest,3221,3211,433,48
untreated,other,northeast,3681,3669,495,54
untreated,other,southeast,3221,3211,433,48
untreated,other,midwest,2914,2905,392,43
untreated,other,west,3374,3363,454,50
untreated,other,southwest,2147,2140,289,32
on_competitor,commercial,northeast,8874,0,1194,131
on_competitor,commercial,southeast,7765,0,1044,115
on_competitor,commercial,midwest,7026,0,945,104
on_competitor,commercial,west,8135,0,1094,120
on_competitor,commercial,southwest,5177,0,696,77
on_competitor,medicare_medicaid,northeast,5916,0,796,87
on_competitor,medicare_medicaid,southeast,5177,0,696,77
on_competitor,medicare_medicaid,midwest,4684,0,630,69
on_competitor,medicare_medicaid,west,5423,0,729,80
on_competitor,medicare_medicaid,southwest,3451,0,464,51
on_competitor,cash_pay,northeast,3803,0,512,56
on_competitor,cash_pay,southeast,3328,0,448,49
on_competitor,cash_pay,midwest,3011,0,405,45
on_competitor,cash_pay,west,3486,0,469,52
on_competitor,cash_pay,southwest,2219,0,298,33
on_competitor,other,northeast,2536,0,341,37
on_competitor,other,southeast,2219,0,298,33
on_competitor,other,midwest,2007,0,270,30
on_competitor,other,west,2324,0,313,34
on_competitor,other,southwest,1479,0,199,22
lapsed,commercial,northeast,5153,0,693,76
lapsed,commercial,southeast,4509,0,606,67
lapsed,commercial,midwest,4079,0,549,60
lapsed,commercial,west,4723,0,635,70
lapsed,commercial,southwest,3006,0,404,44
lapsed,medicare_medicaid,northeast,3435,0,462,51
lapsed,medicare_medicaid,southeast,3006,0,404,44
lapsed,medicare_medicaid,midwest,2720,0,366,40
lapsed,medicare_medicaid,west,3149,0,424,47
lapsed,medicare_medicaid,southwest,2004,0,270,30
lapsed,cash_pay,northeast,2208,0,297,33
lapsed,cash_pay,southeast,1932,0,260,29
lapsed,cash_pay,midwest,1748,0,235,26
lapsed,cash_pay,west,2024,0,272,30
lapsed,cash_pay,southwest,1288,0,173,19
lapsed,other,northeast,1472,0,198,22
lapsed,other,southeast,1288,0,173,19
lapsed,other,midwest,1166,0,157,17
lapsed,other,west,1350,0,182,20
lapsed,other,southwest,859,0,116,13
ineligible,commercial,northeast,1718,0,231,25
ineligible,commercial,southeast,1503,0,202,22
ineligible,commercial,midwest,1360,0,183,20
ineligible,commercial,west,1574,0,212,23
ineligible,commercial,southwest,1002,0,135,15
ineligible,medicare_medicaid,northeast,1145,0,154,17
ineligible,medicare_medicaid,southeast,1002,0,135,15
ineligible,medicare_medicaid,midwest,906,0,122,13
ineligible,medicare_medicaid,west,1050,0,141,15
ineligible,medicare_medicaid,southwest,668,0,90,10
ineligible,cash_pay,northeast,736,0,99,11
ineligible,cash_pay,southeast,644,0,87,9
ineligible,cash_pay,midwest,583,0,78,9
ineligible,cash_pay,west,675,0,91,10
ineligible,cash_pay,southwest,429,0,58,6
ineligible,other,northeast,491,0,66,7
ineligible,other,southeast,429,0,58,6
ineligible,other,midwest,388,0,52,6
ineligible,other,west,450,0,60,7
ineligible,other,southwest,286,0,38,4
