vertical,lifecycle_stage,ltv_band,refill_adherence,engagement_last_7d,churn_risk_level,member_count,axis_churn_risk,axis_lifetime_value,axis_refill_pressure,axis_engagement,axis_tenure,mrr_total
dermatology,at_risk,high,lapsing,true,elevated,18,0.6039,0.9306,0.6,0.6067,0.575,1046.04
dermatology,at_risk,high,lapsing,true,high,16,0.7019,0.9052,0.6,0.2194,0.4531,1229.49
dermatology,at_risk,high,on_track,true,high,1,0.67,0.6969,0.0,0.03,0.75,23.89
dermatology,at_risk,low,lapsing,false,high,1,0.76,0.0708,0.6,0.0,0.0333,250.0
dermatology,at_risk,low,lapsing,true,elevated,59,0.5925,0.1095,0.6,0.6727,0.0977,4220.64
dermatology,at_risk,low,lapsing,true,high,46,0.7117,0.0814,0.6,0.2157,0.0924,3038.24
dermatology,at_risk,low,on_track,true,high,1,0.67,0.2557,0.0,0.03,0.1167,42.96
dermatology,at_risk,medium,lapsing,true,elevated,13,0.6077,0.5146,0.6,0.5846,0.3154,914.16
dermatology,at_risk,medium,lapsing,true,high,7,0.7057,0.5653,0.6,0.29,0.2405,437.99
dermatology,established,high,on_track,false,elevated,9,0.4633,0.9375,0.0,0.0,0.5648,625.0
dermatology,established,high,on_track,true,elevated,261,0.4365,0.9407,0.0,0.3425,0.5902,20156.8
dermatology,established,high,on_track,true,low,133,0.2711,0.9367,0.0,0.7415,0.5519,9339.89
dermatology,established,low,on_track,false,elevated,10,0.42,0.1844,0.0,0.0,0.335,703.9
dermatology,established,low,on_track,true,elevated,317,0.4447,0.1641,0.0,0.3662,0.1993,21280.5
dermatology,established,low,on_track,true,low,123,0.2754,0.1811,0.0,0.7087,0.197,8776.19
dermatology,established,medium,on_track,false,elevated,5,0.476,0.4448,0.0,0.0,0.3367,491.06
dermatology,established,medium,on_track,true,elevated,159,0.4331,0.4786,0.0,0.3652,0.366,12249.46
dermatology,established,medium,on_track,true,low,68,0.2685,0.4719,0.0,0.7115,0.4093,4551.42
dermatology,new,low,on_track,false,elevated,1,0.38,0.0614,0.0,0.0,0.0333,35.86
dermatology,new,low,on_track,true,elevated,174,0.4455,0.0587,0.0,0.3829,0.0337,11717.34
dermatology,new,low,on_track,true,low,61,0.2782,0.0622,0.0,0.6797,0.0342,3785.9
dermatology,new,medium,on_track,true,elevated,3,0.47,0.434,0.0,0.47,0.05,221.45
dermatology,win_back,high,lapsed,true,elevated,1,0.63,1.0,1.0,0.76,0.8167,108.24
dermatology,win_back,high,lapsed,true,high,24,0.8792,0.8985,1.0,0.4233,0.6278,1723.58
dermatology,win_back,low,lapsed,false,high,2,0.925,0.0884,1.0,0.0,0.075,71.66
dermatology,win_back,low,lapsed,true,elevated,3,0.6167,0.1085,1.0,0.8233,0.0778,123.86
dermatology,win_back,low,lapsed,true,high,100,0.8628,0.1273,1.0,0.3845,0.1005,6905.67
dermatology,win_back,medium,lapsed,true,elevated,1,0.58,0.4648,1.0,1.0,0.5667,250.0
dermatology,win_back,medium,lapsed,true,high,18,0.8522,0.4935,1.0,0.4628,0.3204,1420.78
hair,at_risk,high,lapsing,false,high,1,0.7,1.0,0.6,0.0,0.4167,25.87
hair,at_risk,high,lapsing,true,elevated,31,0.6116,0.9491,0.6,0.7226,0.5984,2196.71
hair,at_risk,high,lapsing,true,high,38,0.7158,0.9514,0.6,0.2421,0.5842,3340.81
hair,at_risk,high,on_track,true,high,1,0.67,1.0,0.0,0.11,0.6833,29.52
hair,at_risk,low,lapsing,false,high,3,0.74,0.1539,0.6,0.0,0.1056,454.66
hair,at_risk,low,lapsing,true,elevated,142,0.6067,0.1026,0.6,0.6491,0.0946,10808.24
hair,at_risk,low,lapsing,true,high,141,0.7147,0.1107,0.6,0.25,0.1027,10439.81
hair,at_risk,low,on_track,true,high,5,0.672,0.1142,0.0,0.098,0.1433,403.32
hair,at_risk,medium,lapsing,true,elevated,21,0.601,0.4336,0.6,0.6986,0.3325,1669.02
hair,at_risk,medium,lapsing,true,high,19,0.7226,0.4782,0.6,0.2158,0.3211,1387.16
hair,at_risk,medium,on_track,true,high,1,0.67,0.3995,0.0,0.1,0.2333,20.85
hair,established,high,on_track,false,elevated,15,0.4773,0.9652,0.0,0.0,0.6811,1364.81
hair,established,high,on_track,true,elevated,690,0.4357,0.9389,0.0,0.3698,0.5832,50854.64
hair,established,high,on_track,true,low,283,0.2725,0.9414,0.0,0.7177,0.5588,19132.22
hair,established,low,on_track,false,elevated,22,0.4223,0.1887,0.0,0.0,0.203,1559.99
hair,established,low,on_track,true,elevated,821,0.439,0.1677,0.0,0.3697,0.2008,56432.2
hair,established,low,on_track,true,low,323,0.276,0.1832,0.0,0.6838,0.213,22616.71
hair,established,medium,on_track,false,elevated,13,0.4408,0.4353,0.0,0.0,0.4256,815.54
hair,established,medium,on_track,true,elevated,436,0.4416,0.4771,0.0,0.377,0.3711,31472.01
hair,established,medium,on_track,true,low,216,0.2691,0.4767,0.0,0.6985,0.3868,16385.03
hair,new,low,on_track,false,elevated,6,0.42,0.0556,0.0,0.0,0.025,370.62
hair,new,low,on_track,true,elevated,384,0.4444,0.0623,0.0,0.3627,0.0338,26508.74
hair,new,low,on_track,true,low,165,0.2703,0.063,0.0,0.7226,0.0333,11999.57
hair,new,medium,on_track,true,elevated,6,0.4367,0.4553,0.0,0.3083,0.0472,482.47
hair,new,medium,on_track,true,low,4,0.2475,0.4244,0.0,0.9125,0.0458,400.21
hair,win_back,high,lapsed,false,high,1,0.96,1.0,1.0,0.0,0.3333,52.1
hair,win_back,high,lapsed,true,elevated,1,0.66,0.8901,1.0,0.9,0.9,73.94
hair,win_back,high,lapsed,true,high,47,0.8557,0.9292,1.0,0.4685,0.6004,3139.94
hair,win_back,low,lapsed,false,high,4,0.895,0.1398,1.0,0.0,0.1375,198.3
hair,win_back,low,lapsed,true,elevated,4,0.6125,0.0643,1.0,0.9775,0.05,306.68
hair,win_back,low,lapsed,true,high,230,0.8507,0.1009,1.0,0.4741,0.1017,16989.63
hair,win_back,medium,lapsed,false,high,1,0.93,0.4735,1.0,0.0,0.5333,33.85
hair,win_back,medium,lapsed,true,elevated,2,0.59,0.5028,1.0,0.715,0.6083,226.94
hair,win_back,medium,lapsed,true,high,60,0.8668,0.478,1.0,0.4428,0.2814,3918.46
mental_health,at_risk,high,lapsing,true,elevated,23,0.6191,0.941,0.6,0.64,0.5928,1690.24
mental_health,at_risk,high,lapsing,true,high,18,0.7083,0.8963,0.6,0.2817,0.5148,1439.53
mental_health,at_risk,low,lapsing,false,high,5,0.75,0.1809,0.6,0.0,0.3,564.73
mental_health,at_risk,low,lapsing,true,elevated,77,0.6101,0.1191,0.6,0.6322,0.1175,6080.61
mental_health,at_risk,low,lapsing,true,high,66,0.7211,0.1012,0.6,0.2498,0.0783,5889.95
mental_health,at_risk,low,on_track,true,high,2,0.675,0.0823,0.0,0.06,0.125,204.8
mental_health,at_risk,medium,lapsing,true,elevated,17,0.5988,0.4607,0.6,0.85,0.3618,1386.4
mental_health,at_risk,medium,lapsing,true,high,15,0.72,0.4834,0.6,0.276,0.3911,1185.47
mental_health,at_risk,medium,on_track,true,high,1,0.67,0.5727,0.0,0.17,0.1833,164.12
mental_health,established,high,on_track,false,elevated,10,0.429,0.9579,0.0,0.0,0.5733,962.5
mental_health,established,high,on_track,true,elevated,346,0.4314,0.9314,0.0,0.3749,0.5618,25281.34
mental_health,established,high,on_track,true,low,154,0.2686,0.9488,0.0,0.719,0.5933,12010.6
mental_health,established,low,on_track,false,elevated,6,0.4167,0.1454,0.0,0.0,0.2083,291.17
mental_health,established,low,on_track,true,elevated,421,0.4352,0.1686,0.0,0.3637,0.2077,30206.11
mental_health,established,low,on_track,true,low,180,0.2749,0.1649,0.0,0.7006,0.2112,13963.59
mental_health,established,medium,on_track,false,elevated,4,0.555,0.5371,0.0,0.0,0.2083,406.28
mental_health,established,medium,on_track,true,elevated,226,0.4326,0.4708,0.0,0.3793,0.3588,17004.15
mental_health,established,medium,on_track,true,low,84,0.2752,0.4965,0.0,0.7439,0.3706,6370.07
mental_health,new,low,on_track,false,elevated,7,0.4743,0.1027,0.0,0.0,0.0357,442.64
mental_health,new,low,on_track,true,elevated,174,0.4377,0.0704,0.0,0.3356,0.035,12960.88
mental_health,new,low,on_track,true,low,78,0.2637,0.0662,0.0,0.7429,0.031,6075.52
mental_health,new,medium,on_track,true,elevated,3,0.3467,0.3763,0.0,0.71,0.05,246.72
mental_health,new,medium,on_track,true,low,2,0.27,0.407,0.0,0.57,0.05,165.25
mental_health,win_back,high,lapsed,false,high,1,0.92,0.9377,1.0,0.0,0.8167,46.82
mental_health,win_back,high,lapsed,true,high,41,0.8556,0.956,1.0,0.4241,0.6024,2956.43
mental_health,win_back,low,lapsed,true,high,125,0.8622,0.1062,1.0,0.4322,0.0987,9020.8
mental_health,win_back,medium,lapsed,false,high,1,0.96,0.4385,1.0,0.0,0.0667,140.46
mental_health,win_back,medium,lapsed,true,elevated,2,0.645,0.6128,1.0,0.885,0.15,37.53
mental_health,win_back,medium,lapsed,true,high,29,0.8483,0.4553,1.0,0.3193,0.2925,2061.35
sexual_health,at_risk,high,lapsing,false,high,1,0.7,1.0,0.6,0.0,0.55,65.65
sexual_health,at_risk,high,lapsing,true,elevated,26,0.5912,0.9386,0.6,0.6535,0.5878,2125.79
sexual_health,at_risk,high,lapsing,true,high,26,0.72,0.8993,0.6,0.2377,0.5532,1155.53
sexual_health,at_risk,high,on_track,false,high,1,0.69,1.0,0.0,0.0,0.25,106.73
sexual_health,at_risk,high,on_track,true,high,1,0.68,1.0,0.0,0.06,0.9833,23.95
sexual_health,at_risk,low,lapsing,false,high,3,0.7033,0.23,0.6,0.0,0.1333,186.05
sexual_health,at_risk,low,lapsing,true,elevated,113,0.6094,0.1125,0.6,0.71,0.1103,7551.3
sexual_health,at_risk,low,lapsing,true,high,87,0.7136,0.1196,0.6,0.2449,0.1163,6355.95
sexual_health,at_risk,low,on_track,true,high,1,0.69,0.3195,0.0,0.04,0.1167,154.99
sexual_health,at_risk,medium,lapsing,true,elevated,17,0.5988,0.4579,0.6,0.6606,0.399,1523.27
sexual_health,at_risk,medium,lapsing,true,high,19,0.7279,0.4883,0.6,0.2342,0.3088,1512.16
sexual_health,at_risk,medium,on_track,true,high,1,0.68,0.634,0.0,0.07,0.1667,52.69
sexual_health,established,high,on_track,false,elevated,15,0.4413,0.9432,0.0,0.0,0.5389,1506.46
sexual_health,established,high,on_track,true,elevated,521,0.4376,0.9406,0.0,0.3512,0.5761,36645.75
sexual_health,established,high,on_track,true,low,200,0.2699,0.9322,0.0,0.7046,0.554,14711.24
sexual_health,established,low,on_track,false,elevated,13,0.4508,0.1874,0.0,0.0,0.1756,976.81
sexual_health,established,low,on_track,true,elevated,665,0.4357,0.1712,0.0,0.3754,0.1954,46285.68
sexual_health,established,low,on_track,true,low,236,0.2668,0.1704,0.0,0.73,0.1901,15813.16
sexual_health,established,medium,on_track,false,elevated,7,0.4514,0.566,0.0,0.0,0.4143,603.31
sexual_health,established,medium,on_track,true,elevated,345,0.443,0.4828,0.0,0.3533,0.3558,23140.01
sexual_health,established,medium,on_track,true,low,150,0.2749,0.479,0.0,0.7109,0.401,10563.02
sexual_health,new,low,on_track,false,elevated,5,0.53,0.0515,0.0,0.0,0.0367,249.23
sexual_health,new,low,on_track,true,elevated,305,0.4321,0.0663,0.0,0.3608,0.034,21960.62
sexual_health,new,low,on_track,true,low,114,0.267,0.0718,0.0,0.7505,0.0338,7790.23
sexual_health,new,medium,on_track,true,elevated,1,0.37,0.5208,0.0,0.33,0.05,23.97
sexual_health,new,medium,on_track,true,low,2,0.275,0.3517,0.0,0.525,0.0417,116.0
sexual_health,win_back,high,lapsed,true,elevated,3,0.6333,0.8064,1.0,0.8,0.6556,307.47
sexual_health,win_back,high,lapsed,true,high,42,0.8602,0.9393,1.0,0.4162,0.5325,3025.12
sexual_health,win_back,low,lapsed,false,high,5,0.924,0.0615,1.0,0.0,0.0233,355.61
sexual_health,win_back,low,lapsed,true,elevated,6,0.6317,0.1096,1.0,0.9183,0.0722,206.94
sexual_health,win_back,low,lapsed,true,high,175,0.8452,0.0948,1.0,0.4695,0.0788,12093.92
sexual_health,win_back,medium,lapsed,true,high,38,0.8474,0.4589,1.0,0.4082,0.3395,2498.72
weight,at_risk,high,lapsing,false,high,2,0.755,0.8598,0.6,0.0,0.25,110.36
weight,at_risk,high,lapsing,true,elevated,46,0.6041,0.9397,0.6,0.5583,0.6141,3322.16
weight,at_risk,high,lapsing,true,high,23,0.7157,0.9466,0.6,0.2243,0.537,1794.74
weight,at_risk,high,on_track,true,high,1,0.67,1.0,0.0,0.1,0.8833,45.45
weight,at_risk,low,lapsing,false,high,3,0.6967,0.0735,0.6,0.0,0.0556,133.91
weight,at_risk,low,lapsing,true,elevated,139,0.5953,0.1233,0.6,0.6743,0.0909,10016.79
weight,at_risk,low,lapsing,true,high,113,0.7177,0.1007,0.6,0.2619,0.09,7769.45
weight,at_risk,low,on_track,true,high,1,0.68,0.2277,0.0,0.11,0.3667,15.0
weight,at_risk,medium,lapsing,false,high,1,0.78,0.3982,0.6,0.0,0.1833,43.99
weight,at_risk,medium,lapsing,true,elevated,28,0.6068,0.5305,0.6,0.6346,0.3089,1679.84
weight,at_risk,medium,lapsing,true,high,27,0.707,0.4778,0.6,0.3078,0.3531,2169.85
weight,established,high,on_track,false,elevated,11,0.5391,0.9768,0.0,0.0,0.4394,1015.82
weight,established,high,on_track,false,low,2,0.32,1.0,0.0,0.0,0.8333,198.21
weight,established,high,on_track,true,elevated,628,0.4341,0.9372,0.0,0.3723,0.5542,43951.04
weight,established,high,on_track,true,low,233,0.2718,0.944,0.0,0.7367,0.5523,16802.83
weight,established,low,on_track,false,elevated,13,0.4846,0.1839,0.0,0.0,0.1769,840.71
weight,established,low,on_track,true,elevated,741,0.435,0.1711,0.0,0.3607,0.2064,54783.72
weight,established,low,on_track,true,low,304,0.2726,0.1722,0.0,0.6983,0.2015,21540.25
weight,established,medium,on_track,false,elevated,8,0.4562,0.4273,0.0,0.0,0.3021,601.33
weight,established,medium,on_track,true,elevated,403,0.4391,0.4759,0.0,0.3618,0.3699,28265.49
weight,established,medium,on_track,true,low,181,0.2748,0.4765,0.0,0.7233,0.359,13148.71
weight,new,low,on_track,false,elevated,9,0.4433,0.0609,0.0,0.0,0.037,808.71
weight,new,low,on_track,true,elevated,352,0.443,0.066,0.0,0.339,0.0338,24746.44
weight,new,low,on_track,true,low,127,0.2732,0.0676,0.0,0.7058,0.0339,9690.85
weight,new,medium,on_track,true,elevated,6,0.4367,0.4093,0.0,0.2483,0.0472,276.89
weight,new,medium,on_track,true,low,5,0.264,0.3911,0.0,0.732,0.0467,575.1
weight,win_back,high,lapsed,true,high,63,0.8559,0.9624,1.0,0.3937,0.5463,4452.72
weight,win_back,low,lapsed,false,high,8,0.875,0.0526,1.0,0.0,0.0437,689.84
weight,win_back,low,lapsed,true,elevated,7,0.6443,0.1422,1.0,0.79,0.119,558.42
weight,win_back,low,lapsed,true,high,258,0.8407,0.1076,1.0,0.479,0.0907,19442.67
weight,win_back,medium,lapsed,false,high,2,0.92,0.4469,1.0,0.0,0.1333,125.6
weight,win_back,medium,lapsed,true,elevated,2,0.645,0.3845,1.0,0.98,0.1667,148.22
weight,win_back,medium,lapsed,true,high,51,0.8545,0.4945,1.0,0.4159,0.3373,4105.37
