treatment_status,coverage_tier,indication_fit,engagement_readiness,acq_cost_band,member_count,axis_indication_fit,axis_readiness,axis_access,axis_cost_efficiency,axis_referral,days_in_evaluation_total
lapsed,cash_pay,high,high,high,8,1.0,1.0,0.3,0.0,0.125,479.0
lapsed,cash_pay,high,high,low,8,1.0,1.0,0.3,1.0,0.25,461.0
lapsed,cash_pay,high,high,medium,13,1.0,1.0,0.3,0.5,0.2308,827.0
lapsed,cash_pay,high,low,high,10,1.0,0.0,0.3,0.0,0.2,499.0
lapsed,cash_pay,high,low,low,14,1.0,0.0,0.3,1.0,0.2857,1005.0
lapsed,cash_pay,high,low,medium,7,1.0,0.0,0.3,0.5,0.2857,242.0
lapsed,cash_pay,high,moderate,high,9,1.0,0.5,0.3,0.0,0.2222,502.0
lapsed,cash_pay,high,moderate,low,17,1.0,0.5,0.3,1.0,0.1765,1117.0
lapsed,cash_pay,high,moderate,medium,21,1.0,0.5,0.3,0.5,0.1429,1407.0
lapsed,cash_pay,low,high,high,2,0.0,1.0,0.3,0.0,0.5,197.0
lapsed,cash_pay,low,high,low,4,0.0,1.0,0.3,1.0,0.5,196.0
lapsed,cash_pay,low,high,medium,8,0.0,1.0,0.3,0.5,0.125,471.0
lapsed,cash_pay,low,low,high,5,0.0,0.0,0.3,0.0,0.6,304.0
lapsed,cash_pay,low,low,low,3,0.0,0.0,0.3,1.0,0.0,263.0
lapsed,cash_pay,low,low,medium,5,0.0,0.0,0.3,0.5,0.2,334.0
lapsed,cash_pay,low,moderate,high,8,0.0,0.5,0.3,0.0,0.25,377.0
lapsed,cash_pay,low,moderate,low,5,0.0,0.5,0.3,1.0,0.2,236.0
lapsed,cash_pay,low,moderate,medium,8,0.0,0.5,0.3,0.5,0.375,347.0
lapsed,cash_pay,moderate,high,high,8,0.5,1.0,0.3,0.0,0.125,562.0
lapsed,cash_pay,moderate,high,low,6,0.5,1.0,0.3,1.0,0.3333,547.0
lapsed,cash_pay,moderate,high,medium,10,0.5,1.0,0.3,0.5,0.2,629.0
lapsed,cash_pay,moderate,low,high,7,0.5,0.0,0.3,0.0,0.1429,432.0
lapsed,cash_pay,moderate,low,low,6,0.5,0.0,0.3,1.0,0.1667,408.0
lapsed,cash_pay,moderate,low,medium,12,0.5,0.0,0.3,0.5,0.4167,574.0
lapsed,cash_pay,moderate,moderate,high,13,0.5,0.5,0.3,0.0,0.2308,705.0
lapsed,cash_pay,moderate,moderate,low,14,0.5,0.5,0.3,1.0,0.1429,768.0
lapsed,cash_pay,moderate,moderate,medium,27,0.5,0.5,0.3,0.5,0.1481,1717.0
lapsed,commercial,high,high,high,17,1.0,1.0,1.0,0.0,0.1765,967.0
lapsed,commercial,high,high,low,11,1.0,1.0,1.0,1.0,0.1818,801.0
lapsed,commercial,high,high,medium,26,1.0,1.0,1.0,0.5,0.2692,1527.0
lapsed,commercial,high,low,high,16,1.0,0.0,1.0,0.0,0.375,816.0
lapsed,commercial,high,low,low,11,1.0,0.0,1.0,1.0,0.1818,853.0
lapsed,commercial,high,low,medium,29,1.0,0.0,1.0,0.5,0.3103,1908.0
lapsed,commercial,high,moderate,high,24,1.0,0.5,1.0,0.0,0.375,1331.0
lapsed,commercial,high,moderate,low,24,1.0,0.5,1.0,1.0,0.2083,1166.0
lapsed,commercial,high,moderate,medium,41,1.0,0.5,1.0,0.5,0.1463,2650.0
lapsed,commercial,low,high,high,4,0.0,1.0,1.0,0.0,0.0,187.0
lapsed,commercial,low,high,low,6,0.0,1.0,1.0,1.0,0.0,210.0
lapsed,commercial,low,high,medium,15,0.0,1.0,1.0,0.5,0.2,905.0
lapsed,commercial,low,low,high,10,0.0,0.0,1.0,0.0,0.2,535.0
lapsed,commercial,low,low,low,4,0.0,0.0,1.0,1.0,0.25,303.0
lapsed,commercial,low,low,medium,12,0.0,0.0,1.0,0.5,0.25,614.0
lapsed,commercial,low,moderate,high,7,0.0,0.5,1.0,0.0,0.2857,582.0
lapsed,commercial,low,moderate,low,12,0.0,0.5,1.0,1.0,0.25,786.0
lapsed,commercial,low,moderate,medium,23,0.0,0.5,1.0,0.5,0.1739,1508.0
lapsed,commercial,moderate,high,high,9,0.5,1.0,1.0,0.0,0.2222,560.0
lapsed,commercial,moderate,high,low,17,0.5,1.0,1.0,1.0,0.0588,1146.0
lapsed,commercial,moderate,high,medium,28,0.5,1.0,1.0,0.5,0.25,1952.0
lapsed,commercial,moderate,low,high,8,0.5,0.0,1.0,0.0,0.375,440.0
lapsed,commercial,moderate,low,low,8,0.5,0.0,1.0,1.0,0.375,402.0
lapsed,commercial,moderate,low,medium,28,0.5,0.0,1.0,0.5,0.2857,1672.0
lapsed,commercial,moderate,moderate,high,29,0.5,0.5,1.0,0.0,0.2069,1851.0
lapsed,commercial,moderate,moderate,low,32,0.5,0.5,1.0,1.0,0.3438,1863.0
lapsed,commercial,moderate,moderate,medium,44,0.5,0.5,1.0,0.5,0.2273,2539.0
lapsed,medicare_medicaid,high,high,high,8,1.0,1.0,0.6,0.0,0.125,558.0
lapsed,medicare_medicaid,high,high,low,8,1.0,1.0,0.6,1.0,0.125,450.0
lapsed,medicare_medicaid,high,high,medium,14,1.0,1.0,0.6,0.5,0.2857,854.0
lapsed,medicare_medicaid,high,low,high,10,1.0,0.0,0.6,0.0,0.2,584.0
lapsed,medicare_medicaid,high,low,low,7,1.0,0.0,0.6,1.0,0.0,444.0
lapsed,medicare_medicaid,high,low,medium,12,1.0,0.0,0.6,0.5,0.3333,646.0
lapsed,medicare_medicaid,high,moderate,high,15,1.0,0.5,0.6,0.0,0.0667,762.0
lapsed,medicare_medicaid,high,moderate,low,8,1.0,0.5,0.6,1.0,0.125,426.0
lapsed,medicare_medicaid,high,moderate,medium,29,1.0,0.5,0.6,0.5,0.2069,2098.0
lapsed,medicare_medicaid,low,high,high,5,0.0,1.0,0.6,0.0,0.6,403.0
lapsed,medicare_medicaid,low,high,low,4,0.0,1.0,0.6,1.0,0.0,235.0
lapsed,medicare_medicaid,low,high,medium,6,0.0,1.0,0.6,0.5,0.1667,345.0
lapsed,medicare_medicaid,low,low,high,1,0.0,0.0,0.6,0.0,0.0,114.0
lapsed,medicare_medicaid,low,low,low,5,0.0,0.0,0.6,1.0,0.2,183.0
lapsed,medicare_medicaid,low,low,medium,6,0.0,0.0,0.6,0.5,0.0,380.0
lapsed,medicare_medicaid,low,moderate,high,7,0.0,0.5,0.6,0.0,0.1429,372.0
lapsed,medicare_medicaid,low,moderate,low,5,0.0,0.5,0.6,1.0,0.2,358.0
lapsed,medicare_medicaid,low,moderate,medium,14,0.0,0.5,0.6,0.5,0.2143,807.0
lapsed,medicare_medicaid,moderate,high,high,6,0.5,1.0,0.6,0.0,0.3333,403.0
lapsed,medicare_medicaid,moderate,high,low,10,0.5,1.0,0.6,1.0,0.2,548.0
lapsed,medicare_medicaid,moderate,high,medium,18,0.5,1.0,0.6,0.5,0.1111,1301.0
lapsed,medicare_medicaid,moderate,low,high,8,0.5,0.0,0.6,0.0,0.375,555.0
lapsed,medicare_medicaid,moderate,low,low,14,0.5,0.0,0.6,1.0,0.2143,788.0
lapsed,medicare_medicaid,moderate,low,medium,17,0.5,0.0,0.6,0.5,0.1765,915.0
lapsed,medicare_medicaid,moderate,moderate,high,18,0.5,0.5,0.6,0.0,0.2222,1292.0
lapsed,medicare_medicaid,moderate,moderate,low,25,0.5,0.5,0.6,1.0,0.28,1460.0
lapsed,medicare_medicaid,moderate,moderate,medium,20,0.5,0.5,0.6,0.5,0.4,842.0
lapsed,other,high,high,high,3,1.0,1.0,0.2,0.0,0.3333,218.0
lapsed,other,high,high,low,6,1.0,1.0,0.2,1.0,0.1667,346.0
lapsed,other,high,high,medium,2,1.0,1.0,0.2,0.5,0.5,164.0
lapsed,other,high,low,high,2,1.0,0.0,0.2,0.0,0.0,11.0
lapsed,other,high,low,low,4,1.0,0.0,0.2,1.0,0.0,167.0
lapsed,other,high,low,medium,4,1.0,0.0,0.2,0.5,0.25,260.0
lapsed,other,high,moderate,high,7,1.0,0.5,0.2,0.0,0.1429,332.0
lapsed,other,high,moderate,low,3,1.0,0.5,0.2,1.0,0.0,95.0
lapsed,other,high,moderate,medium,13,1.0,0.5,0.2,0.5,0.1538,791.0
lapsed,other,low,high,high,2,0.0,1.0,0.2,0.0,0.0,94.0
lapsed,other,low,high,low,2,0.0,1.0,0.2,1.0,0.5,104.0
lapsed,other,low,high,medium,5,0.0,1.0,0.2,0.5,0.2,373.0
lapsed,other,low,low,high,5,0.0,0.0,0.2,0.0,0.2,318.0
lapsed,other,low,low,low,2,0.0,0.0,0.2,1.0,0.0,119.0
lapsed,other,low,low,medium,3,0.0,0.0,0.2,0.5,0.3333,207.0
lapsed,other,low,moderate,high,1,0.0,0.5,0.2,0.0,0.0,100.0
lapsed,other,low,moderate,low,3,0.0,0.5,0.2,1.0,0.0,139.0
lapsed,other,low,moderate,medium,3,0.0,0.5,0.2,0.5,0.0,311.0
lapsed,other,moderate,high,high,5,0.5,1.0,0.2,0.0,0.0,347.0
lapsed,other,moderate,high,low,8,0.5,1.0,0.2,1.0,0.25,322.0
lapsed,other,moderate,high,medium,7,0.5,1.0,0.2,0.5,0.0,408.0
lapsed,other,moderate,low,high,2,0.5,0.0,0.2,0.0,0.5,24.0
lapsed,other,moderate,low,low,6,0.5,0.0,0.2,1.0,0.1667,167.0
lapsed,other,moderate,low,medium,13,0.5,0.0,0.2,0.5,0.3846,772.0
lapsed,other,moderate,moderate,high,3,0.5,0.5,0.2,0.0,0.3333,225.0
lapsed,other,moderate,moderate,low,4,0.5,0.5,0.2,1.0,0.0,279.0
lapsed,other,moderate,moderate,medium,13,0.5,0.5,0.2,0.5,0.1538,802.0
on_competitor,cash_pay,high,high,high,5,1.0,1.0,0.3,0.0,0.4,231.0
on_competitor,cash_pay,high,high,low,13,1.0,1.0,0.3,1.0,0.4615,932.0
on_competitor,cash_pay,high,high,medium,12,1.0,1.0,0.3,0.5,0.0,808.0
on_competitor,cash_pay,high,low,high,3,1.0,0.0,0.3,0.0,0.0,210.0
on_competitor,cash_pay,high,low,low,11,1.0,0.0,0.3,1.0,0.0909,838.0
on_competitor,cash_pay,high,low,medium,13,1.0,0.0,0.3,0.5,0.1538,736.0
on_competitor,cash_pay,high,moderate,high,20,1.0,0.5,0.3,0.0,0.15,1319.0
on_competitor,cash_pay,high,moderate,low,18,1.0,0.5,0.3,1.0,0.1111,758.0
on_competitor,cash_pay,high,moderate,medium,25,1.0,0.5,0.3,0.5,0.2,1693.0
on_competitor,cash_pay,low,high,low,6,0.0,1.0,0.3,1.0,0.5,363.0
on_competitor,cash_pay,low,high,medium,8,0.0,1.0,0.3,0.5,0.25,461.0
on_competitor,cash_pay,low,low,high,4,0.0,0.0,0.3,0.0,0.0,219.0
on_competitor,cash_pay,low,low,low,4,0.0,0.0,0.3,1.0,0.5,181.0
on_competitor,cash_pay,low,low,medium,8,0.0,0.0,0.3,0.5,0.25,464.0
on_competitor,cash_pay,low,moderate,high,7,0.0,0.5,0.3,0.0,0.2857,286.0
on_competitor,cash_pay,low,moderate,low,8,0.0,0.5,0.3,1.0,0.375,277.0
on_competitor,cash_pay,low,moderate,medium,17,0.0,0.5,0.3,0.5,0.4118,943.0
on_competitor,cash_pay,moderate,high,high,8,0.5,1.0,0.3,0.0,0.25,502.0
on_competitor,cash_pay,moderate,high,low,3,0.5,1.0,0.3,1.0,0.6667,230.0
on_competitor,cash_pay,moderate,high,medium,16,0.5,1.0,0.3,0.5,0.25,837.0
on_competitor,cash_pay,moderate,low,high,5,0.5,0.0,0.3,0.0,0.4,435.0
on_competitor,cash_pay,moderate,low,low,12,0.5,0.0,0.3,1.0,0.25,463.0
on_competitor,cash_pay,moderate,low,medium,13,0.5,0.0,0.3,0.5,0.3077,857.0
on_competitor,cash_pay,moderate,moderate,high,19,0.5,0.5,0.3,0.0,0.2105,1247.0
on_competitor,cash_pay,moderate,moderate,low,20,0.5,0.5,0.3,1.0,0.25,1121.0
on_competitor,cash_pay,moderate,moderate,medium,37,0.5,0.5,0.3,0.5,0.1622,2640.0
on_competitor,commercial,high,high,high,14,1.0,1.0,1.0,0.0,0.2143,934.0
on_competitor,commercial,high,high,low,25,1.0,1.0,1.0,1.0,0.12,1806.0
on_competitor,commercial,high,high,medium,34,1.0,1.0,1.0,0.5,0.2941,1938.0
on_competitor,commercial,high,low,high,21,1.0,0.0,1.0,0.0,0.0952,1207.0
on_competitor,commercial,high,low,low,16,1.0,0.0,1.0,1.0,0.0625,790.0
on_competitor,commercial,high,low,medium,29,1.0,0.0,1.0,0.5,0.2759,1864.0
on_competitor,commercial,high,moderate,high,42,1.0,0.5,1.0,0.0,0.2381,2437.0
on_competitor,commercial,high,moderate,low,51,1.0,0.5,1.0,1.0,0.2353,3381.0
on_competitor,commercial,high,moderate,medium,63,1.0,0.5,1.0,0.5,0.254,4071.0
on_competitor,commercial,low,high,high,4,0.0,1.0,1.0,0.0,0.25,274.0
on_competitor,commercial,low,high,low,14,0.0,1.0,1.0,1.0,0.1429,952.0
on_competitor,commercial,low,high,medium,16,0.0,1.0,1.0,0.5,0.1875,1222.0
on_competitor,commercial,low,low,high,10,0.0,0.0,1.0,0.0,0.0,534.0
on_competitor,commercial,low,low,low,8,0.0,0.0,1.0,1.0,0.375,586.0
on_competitor,commercial,low,low,medium,10,0.0,0.0,1.0,0.5,0.2,513.0
on_competitor,commercial,low,moderate,high,13,0.0,0.5,1.0,0.0,0.3846,947.0
on_competitor,commercial,low,moderate,low,19,0.0,0.5,1.0,1.0,0.2105,970.0
on_competitor,commercial,low,moderate,medium,36,0.0,0.5,1.0,0.5,0.25,2523.0
on_competitor,commercial,moderate,high,high,23,0.5,1.0,1.0,0.0,0.087,1521.0
on_competitor,commercial,moderate,high,low,25,0.5,1.0,1.0,1.0,0.12,1538.0
on_competitor,commercial,moderate,high,medium,33,0.5,1.0,1.0,0.5,0.4242,2197.0
on_competitor,commercial,moderate,low,high,15,0.5,0.0,1.0,0.0,0.2,1151.0
on_competitor,commercial,moderate,low,low,29,0.5,0.0,1.0,1.0,0.2069,1523.0
on_competitor,commercial,moderate,low,medium,37,0.5,0.0,1.0,0.5,0.2973,2074.0
on_competitor,commercial,moderate,moderate,high,30,0.5,0.5,1.0,0.0,0.1333,2044.0
on_competitor,commercial,moderate,moderate,low,36,0.5,0.5,1.0,1.0,0.1667,2458.0
on_competitor,commercial,moderate,moderate,medium,73,0.5,0.5,1.0,0.5,0.1781,4605.0
on_competitor,medicare_medicaid,high,high,high,10,1.0,1.0,0.6,0.0,0.5,526.0
on_competitor,medicare_medicaid,high,high,low,16,1.0,1.0,0.6,1.0,0.0625,1162.0
on_competitor,medicare_medicaid,high,high,medium,19,1.0,1.0,0.6,0.5,0.1579,1287.0
on_competitor,medicare_medicaid,high,low,high,15,1.0,0.0,0.6,0.0,0.2,950.0
on_competitor,medicare_medicaid,high,low,low,11,1.0,0.0,0.6,1.0,0.1818,614.0
on_competitor,medicare_medicaid,high,low,medium,14,1.0,0.0,0.6,0.5,0.2857,854.0
on_competitor,medicare_medicaid,high,moderate,high,21,1.0,0.5,0.6,0.0,0.1429,1344.0
on_competitor,medicare_medicaid,high,moderate,low,28,1.0,0.5,0.6,1.0,0.2857,1705.0
on_competitor,medicare_medicaid,high,moderate,medium,36,1.0,0.5,0.6,0.5,0.1667,2311.0
on_competitor,medicare_medicaid,low,high,high,14,0.0,1.0,0.6,0.0,0.2143,1105.0
on_competitor,medicare_medicaid,low,high,low,6,0.0,1.0,0.6,1.0,0.1667,551.0
on_competitor,medicare_medicaid,low,high,medium,11,0.0,1.0,0.6,0.5,0.1818,547.0
on_competitor,medicare_medicaid,low,low,high,7,0.0,0.0,0.6,0.0,0.0,485.0
on_competitor,medicare_medicaid,low,low,low,6,0.0,0.0,0.6,1.0,0.0,237.0
on_competitor,medicare_medicaid,low,low,medium,12,0.0,0.0,0.6,0.5,0.0,593.0
on_competitor,medicare_medicaid,low,moderate,high,12,0.0,0.5,0.6,0.0,0.25,832.0
on_competitor,medicare_medicaid,low,moderate,low,15,0.0,0.5,0.6,1.0,0.0667,653.0
on_competitor,medicare_medicaid,low,moderate,medium,13,0.0,0.5,0.6,0.5,0.3077,773.0
on_competitor,medicare_medicaid,moderate,high,high,16,0.5,1.0,0.6,0.0,0.25,1007.0
on_competitor,medicare_medicaid,moderate,high,low,14,0.5,1.0,0.6,1.0,0.1429,721.0
on_competitor,medicare_medicaid,moderate,high,medium,29,0.5,1.0,0.6,0.5,0.3103,1924.0
on_competitor,medicare_medicaid,moderate,low,high,12,0.5,0.0,0.6,0.0,0.1667,877.0
on_competitor,medicare_medicaid,moderate,low,low,9,0.5,0.0,0.6,1.0,0.3333,550.0
on_competitor,medicare_medicaid,moderate,low,medium,26,0.5,0.0,0.6,0.5,0.2308,1325.0
on_competitor,medicare_medicaid,moderate,moderate,high,26,0.5,0.5,0.6,0.0,0.2692,1186.0
on_competitor,medicare_medicaid,moderate,moderate,low,25,0.5,0.5,0.6,1.0,0.08,1546.0
on_competitor,medicare_medicaid,moderate,moderate,medium,48,0.5,0.5,0.6,0.5,0.3333,2900.0
on_competitor,other,high,high,high,4,1.0,1.0,0.2,0.0,0.0,151.0
on_competitor,other,high,high,low,5,1.0,1.0,0.2,1.0,0.0,240.0
on_competitor,other,high,high,medium,4,1.0,1.0,0.2,0.5,0.25,279.0
on_competitor,other,high,low,high,6,1.0,0.0,0.2,0.0,0.1667,335.0
on_competitor,other,high,low,low,6,1.0,0.0,0.2,1.0,0.1667,268.0
on_competitor,other,high,low,medium,5,1.0,0.0,0.2,0.5,0.2,207.0
on_competitor,other,high,moderate,high,12,1.0,0.5,0.2,0.0,0.1667,799.0
on_competitor,other,high,moderate,low,13,1.0,0.5,0.2,1.0,0.2308,861.0
on_competitor,other,high,moderate,medium,11,1.0,0.5,0.2,0.5,0.2727,798.0
on_competitor,other,low,high,high,5,0.0,1.0,0.2,0.0,0.2,489.0
on_competitor,other,low,high,low,5,0.0,1.0,0.2,1.0,0.2,468.0
on_competitor,other,low,high,medium,6,0.0,1.0,0.2,0.5,0.1667,309.0
on_competitor,other,low,low,high,3,0.0,0.0,0.2,0.0,0.0,243.0
on_competitor,other,low,low,low,2,0.0,0.0,0.2,1.0,0.0,170.0
on_competitor,other,low,low,medium,2,0.0,0.0,0.2,0.5,0.0,187.0
on_competitor,other,low,moderate,high,3,0.0,0.5,0.2,0.0,0.3333,101.0
on_competitor,other,low,moderate,low,5,0.0,0.5,0.2,1.0,0.0,456.0
on_competitor,other,low,moderate,medium,5,0.0,0.5,0.2,0.5,0.2,349.0
on_competitor,other,moderate,high,high,9,0.5,1.0,0.2,0.0,0.2222,579.0
on_competitor,other,moderate,high,low,8,0.5,1.0,0.2,1.0,0.375,463.0
on_competitor,other,moderate,high,medium,12,0.5,1.0,0.2,0.5,0.1667,536.0
on_competitor,other,moderate,low,high,8,0.5,0.0,0.2,0.0,0.125,510.0
on_competitor,other,moderate,low,low,2,0.5,0.0,0.2,1.0,0.0,113.0
on_competitor,other,moderate,low,medium,10,0.5,0.0,0.2,0.5,0.1,659.0
on_competitor,other,moderate,moderate,high,9,0.5,0.5,0.2,0.0,0.3333,582.0
on_competitor,other,moderate,moderate,low,7,0.5,0.5,0.2,1.0,0.0,330.0
on_competitor,other,moderate,moderate,medium,14,0.5,0.5,0.2,0.5,0.2857,1076.0
untreated,cash_pay,high,high,high,18,1.0,1.0,0.3,0.0,0.3333,1110.0
untreated,cash_pay,high,high,low,13,1.0,1.0,0.3,1.0,0.0,582.0
untreated,cash_pay,high,high,medium,18,1.0,1.0,0.3,0.5,0.2778,1049.0
untreated,cash_pay,high,low,high,18,1.0,0.0,0.3,0.0,0.1667,1100.0
untreated,cash_pay,high,low,low,12,1.0,0.0,0.3,1.0,0.4167,932.0
untreated,cash_pay,high,low,medium,31,1.0,0.0,0.3,0.5,0.2581,1819.0
untreated,cash_pay,high,moderate,high,25,1.0,0.5,0.3,0.0,0.08,1411.0
untreated,cash_pay,high,moderate,low,20,1.0,0.5,0.3,1.0,0.2,1123.0
untreated,cash_pay,high,moderate,medium,46,1.0,0.5,0.3,0.5,0.1522,2743.0
untreated,cash_pay,low,high,high,10,0.0,1.0,0.3,0.0,0.3,690.0
untreated,cash_pay,low,high,low,7,0.0,1.0,0.3,1.0,0.4286,444.0
untreated,cash_pay,low,high,medium,17,0.0,1.0,0.3,0.5,0.1765,1212.0
untreated,cash_pay,low,low,high,7,0.0,0.0,0.3,0.0,0.1429,437.0
untreated,cash_pay,low,low,low,9,0.0,0.0,0.3,1.0,0.2222,676.0
untreated,cash_pay,low,low,medium,10,0.0,0.0,0.3,0.5,0.2,423.0
untreated,cash_pay,low,moderate,high,17,0.0,0.5,0.3,0.0,0.2353,1210.0
untreated,cash_pay,low,moderate,low,11,0.0,0.5,0.3,1.0,0.1818,522.0
untreated,cash_pay,low,moderate,medium,39,0.0,0.5,0.3,0.5,0.1282,2040.0
untreated,cash_pay,moderate,high,high,18,0.5,1.0,0.3,0.0,0.1111,891.0
untreated,cash_pay,moderate,high,low,16,0.5,1.0,0.3,1.0,0.3125,749.0
untreated,cash_pay,moderate,high,medium,34,0.5,1.0,0.3,0.5,0.1765,1941.0
untreated,cash_pay,moderate,low,high,17,0.5,0.0,0.3,0.0,0.2353,1077.0
untreated,cash_pay,moderate,low,low,13,0.5,0.0,0.3,1.0,0.2308,750.0
untreated,cash_pay,moderate,low,medium,30,0.5,0.0,0.3,0.5,0.2,1865.0
untreated,cash_pay,moderate,moderate,high,32,0.5,0.5,0.3,0.0,0.2812,2203.0
untreated,cash_pay,moderate,moderate,low,23,0.5,0.5,0.3,1.0,0.087,1477.0
untreated,cash_pay,moderate,moderate,medium,58,0.5,0.5,0.3,0.5,0.3103,3348.0
untreated,commercial,high,high,high,33,1.0,1.0,1.0,0.0,0.0909,1794.0
untreated,commercial,high,high,low,38,1.0,1.0,1.0,1.0,0.2105,2275.0
untreated,commercial,high,high,medium,53,1.0,1.0,1.0,0.5,0.1509,3482.0
untreated,commercial,high,low,high,33,1.0,0.0,1.0,0.0,0.1818,1965.0
untreated,commercial,high,low,low,44,1.0,0.0,1.0,1.0,0.2273,2375.0
untreated,commercial,high,low,medium,51,1.0,0.0,1.0,0.5,0.3137,2969.0
untreated,commercial,high,moderate,high,72,1.0,0.5,1.0,0.0,0.2222,4279.0
untreated,commercial,high,moderate,low,67,1.0,0.5,1.0,1.0,0.2239,3890.0
untreated,commercial,high,moderate,medium,122,1.0,0.5,1.0,0.5,0.3115,6884.0
untreated,commercial,low,high,high,11,0.0,1.0,1.0,0.0,0.0909,506.0
untreated,commercial,low,high,low,20,0.0,1.0,1.0,1.0,0.2,1295.0
untreated,commercial,low,high,medium,38,0.0,1.0,1.0,0.5,0.2105,2299.0
untreated,commercial,low,low,high,18,0.0,0.0,1.0,0.0,0.4444,1083.0
untreated,commercial,low,low,low,19,0.0,0.0,1.0,1.0,0.2105,1001.0
untreated,commercial,low,low,medium,40,0.0,0.0,1.0,0.5,0.225,2324.0
untreated,commercial,low,moderate,high,31,0.0,0.5,1.0,0.0,0.3226,1713.0
untreated,commercial,low,moderate,low,41,0.0,0.5,1.0,1.0,0.2195,2743.0
untreated,commercial,low,moderate,medium,60,0.0,0.5,1.0,0.5,0.1667,3361.0
untreated,commercial,moderate,high,high,30,0.5,1.0,1.0,0.0,0.2333,1738.0
untreated,commercial,moderate,high,low,49,0.5,1.0,1.0,1.0,0.2245,2824.0
untreated,commercial,moderate,high,medium,60,0.5,1.0,1.0,0.5,0.25,3118.0
untreated,commercial,moderate,low,high,30,0.5,0.0,1.0,0.0,0.2667,1971.0
untreated,commercial,moderate,low,low,39,0.5,0.0,1.0,1.0,0.2051,2087.0
untreated,commercial,moderate,low,medium,64,0.5,0.0,1.0,0.5,0.1875,3567.0
untreated,commercial,moderate,moderate,high,68,0.5,0.5,1.0,0.0,0.1471,3779.0
untreated,commercial,moderate,moderate,low,81,0.5,0.5,1.0,1.0,0.3086,4551.0
untreated,commercial,moderate,moderate,medium,119,0.5,0.5,1.0,0.5,0.1681,6744.0
untreated,medicare_medicaid,high,high,high,15,1.0,1.0,0.6,0.0,0.2667,911.0
untreated,medicare_medicaid,high,high,low,37,1.0,1.0,0.6,1.0,0.3514,1889.0
untreated,medicare_medicaid,high,high,medium,39,1.0,1.0,0.6,0.5,0.3077,2679.0
untreated,medicare_medicaid,high,low,high,15,1.0,0.0,0.6,0.0,0.0667,1109.0
untreated,medicare_medicaid,high,low,low,24,1.0,0.0,0.6,1.0,0.1667,1625.0
untreated,medicare_medicaid,high,low,medium,35,1.0,0.0,0.6,0.5,0.2,2001.0
untreated,medicare_medicaid,high,moderate,high,37,1.0,0.5,0.6,0.0,0.1892,2324.0
untreated,medicare_medicaid,high,moderate,low,56,1.0,0.5,0.6,1.0,0.2857,3511.0
untreated,medicare_medicaid,high,moderate,medium,71,1.0,0.5,0.6,0.5,0.2113,4524.0
untreated,medicare_medicaid,low,high,high,9,0.0,1.0,0.6,0.0,0.4444,493.0
untreated,medicare_medicaid,low,high,low,15,0.0,1.0,0.6,1.0,0.2,681.0
untreated,medicare_medicaid,low,high,medium,24,0.0,1.0,0.6,0.5,0.1667,1445.0
untreated,medicare_medicaid,low,low,high,9,0.0,0.0,0.6,0.0,0.3333,712.0
untreated,medicare_medicaid,low,low,low,15,0.0,0.0,0.6,1.0,0.3333,941.0
untreated,medicare_medicaid,low,low,medium,16,0.0,0.0,0.6,0.5,0.25,749.0
untreated,medicare_medicaid,low,moderate,high,13,0.0,0.5,0.6,0.0,0.3846,793.0
untreated,medicare_medicaid,low,moderate,low,22,0.0,0.5,0.6,1.0,0.4091,1318.0
untreated,medicare_medicaid,low,moderate,medium,31,0.0,0.5,0.6,0.5,0.3226,1798.0
untreated,medicare_medicaid,moderate,high,high,21,0.5,1.0,0.6,0.0,0.1905,1465.0
untreated,medicare_medicaid,moderate,high,low,34,0.5,1.0,0.6,1.0,0.1176,1714.0
untreated,medicare_medicaid,moderate,high,medium,53,0.5,1.0,0.6,0.5,0.1698,3001.0
untreated,medicare_medicaid,moderate,low,high,23,0.5,0.0,0.6,0.0,0.1739,1396.0
untreated,medicare_medicaid,moderate,low,low,31,0.5,0.0,0.6,1.0,0.2581,1884.0
untreated,medicare_medicaid,moderate,low,medium,30,0.5,0.0,0.6,0.5,0.1667,2138.0
untreated,medicare_medicaid,moderate,moderate,high,49,0.5,0.5,0.6,0.0,0.2041,2944.0
untreated,medicare_medicaid,moderate,moderate,low,51,0.5,0.5,0.6,1.0,0.2157,3069.0
untreated,medicare_medicaid,moderate,moderate,medium,80,0.5,0.5,0.6,0.5,0.2,5168.0
untreated,other,high,high,high,11,1.0,1.0,0.2,0.0,0.2727,719.0
untreated,other,high,high,low,9,1.0,1.0,0.2,1.0,0.1111,492.0
untreated,other,high,high,medium,25,1.0,1.0,0.2,0.5,0.24,1611.0
untreated,other,high,low,high,5,1.0,0.0,0.2,0.0,0.0,274.0
untreated,other,high,low,low,20,1.0,0.0,0.2,1.0,0.25,916.0
untreated,other,high,low,medium,15,1.0,0.0,0.2,0.5,0.0,951.0
untreated,other,high,moderate,high,19,1.0,0.5,0.2,0.0,0.1579,974.0
untreated,other,high,moderate,low,15,1.0,0.5,0.2,1.0,0.3333,891.0
untreated,other,high,moderate,medium,22,1.0,0.5,0.2,0.5,0.1364,1156.0
untreated,other,low,high,high,2,0.0,1.0,0.2,0.0,0.0,37.0
untreated,other,low,high,low,4,0.0,1.0,0.2,1.0,0.0,233.0
untreated,other,low,high,medium,9,0.0,1.0,0.2,0.5,0.4444,374.0
untreated,other,low,low,high,5,0.0,0.0,0.2,0.0,0.2,375.0
untreated,other,low,low,low,8,0.0,0.0,0.2,1.0,0.25,456.0
untreated,other,low,low,medium,4,0.0,0.0,0.2,0.5,0.25,295.0
untreated,other,low,moderate,high,11,0.0,0.5,0.2,0.0,0.0909,512.0
untreated,other,low,moderate,low,10,0.0,0.5,0.2,1.0,0.3,717.0
untreated,other,low,moderate,medium,12,0.0,0.5,0.2,0.5,0.1667,853.0
untreated,other,moderate,high,high,15,0.5,1.0,0.2,0.0,0.0667,794.0
untreated,other,moderate,high,low,14,0.5,1.0,0.2,1.0,0.0,770.0
untreated,other,moderate,high,medium,20,0.5,1.0,0.2,0.5,0.3,1305.0
untreated,other,moderate,low,high,6,0.5,0.0,0.2,0.0,0.1667,392.0
untreated,other,moderate,low,low,16,0.5,0.0,0.2,1.0,0.1875,896.0
untreated,other,moderate,low,medium,20,0.5,0.0,0.2,0.5,0.15,1043.0
untreated,other,moderate,moderate,high,14,0.5,0.5,0.2,0.0,0.2143,983.0
untreated,other,moderate,moderate,low,22,0.5,0.5,0.2,1.0,0.1818,1283.0
untreated,other,moderate,moderate,medium,35,0.5,0.5,0.2,0.5,0.1429,2456.0
